{"id": 113104418, "state": 0, "authorType": 0, "parentId": null, "commentText": "<p>Sumalangit nawa ang kaluluwa nila.</p><p>Tumanda sila ng walang pinagtandaan.</p><p><br></p><p>SLN...Congratulations.</p>", "createdTimestamp": 1622393188, "toxicity": 22, "spamValue": 72, "topComment": false, "edited": null, "reportSpamCount": 0, "likeCount": 1, "dislikeCount": 0, "replyCount": 1, "cookieId": null, "userId": "7f688bfb-9e9e-47ca-b596-cb0f748c1dfe", "userPoints": 58907, "host": "newsinfo.inquirer.net", "uri": "/1438710/two-aging-red-leaders-slain", "articleId": "1438710", "title": "Two elderly communist leaders slain at home in the Visayas", "articleAvatar": "https://newsinfo.inquirer.net/files/2021/05/News153841-e1622304315797.jpg", "tag": "Reynadlo Bocala,Rustico Tan,slain NDFP consultants", "apiKey": "d45dc90a-b6cc-47b1-915e-9db149d05ace", "username": "BoyBukol", "userIsPrivate": false, "name": "BoyBukol", "pictureUrl": "https://image.vuukle.com/7f688bfb-9e9e-47ca-b596-cb0f748c1dfe", "replies": [{"id": 113104787, "state": 0, "authorType": 0, "parentId": 113104418, "commentText": "<p>Totoo. Dapat nag alaga na lang sila ng mga apo sa tuhod at talampakan.</p>", "createdTimestamp": 1622394629, "toxicity": 30, "spamValue": 47, "topComment": false, "edited": null, "reportSpamCount": 0, "likeCount": 0, "dislikeCount": 0, "replyCount": 0, "cookieId": null, "userId": "831a0b77-39e8-4ea8-9125-e455dbe80de3", "userPoints": 100, "host": "newsinfo.inquirer.net", "uri": "/1438710/two-aging-red-leaders-slain", "articleId": "1438710", "title": "Two elderly communist leaders slain at home in the Visayas", "articleAvatar": "https://newsinfo.inquirer.net/files/2021/05/News153841-e1622304315797.jpg", "tag": "Reynadlo Bocala,Rustico Tan,slain NDFP consultants", "apiKey": "d45dc90a-b6cc-47b1-915e-9db149d05ace", "username": null, "userIsPrivate": false, "name": "JuniorTulo", "pictureUrl": "https://image.vuukle.com/831a0b77-39e8-4ea8-9125-e455dbe80de3", "replies": []}]}
{"id": 113102368, "state": 0, "authorType": 0, "parentId": null, "commentText": "<p>The NPA needs to stop being  s!ssy and start doing something about the corrupt P0S D00D!RTY, who is the biggest threat to peace and progress to the Philippines since he is a cheap sellout to the commies. One well placed bullet.</p><p>Otherwise you will be nothing more than spineless c0wards with no bite.</p>", "createdTimestamp": 1622385705, "toxicity": 54, "spamValue": 7, "topComment": false, "edited": null, "reportSpamCount": 0, "likeCount": 0, "dislikeCount": 1, "replyCount": 0, "cookieId": null, "userId": "d34772c2-5c24-4712-b7f5-879602a8db2b", "userPoints": 14627, "host": "newsinfo.inquirer.net", "uri": "/1438710/two-aging-red-leaders-slain", "articleId": "1438710", "title": "Two elderly communist leaders slain at home in the Visayas", "articleAvatar": "https://newsinfo.inquirer.net/files/2021/05/News153841-e1622304315797.jpg", "tag": "Reynadlo Bocala,Rustico Tan,slain NDFP consultants", "apiKey": "d45dc90a-b6cc-47b1-915e-9db149d05ace", "username": "Catmanjohn", "userIsPrivate": false, "name": "catmanjohn", "pictureUrl": "", "replies": []}
{"id": 113101780, "state": 0, "authorType": 0, "parentId": null, "commentText": "<p>So many sympathizers here. Why don't we let communism take over the country, then?</p><p><br></p><p>Hooray! </p>", "createdTimestamp": 1622383399, "toxicity": 15, "spamValue": 4, "topComment": false, "edited": null, "reportSpamCount": 0, "likeCount": 0, "dislikeCount": 1, "replyCount": 1, "cookieId": null, "userId": "892f0c5e-1906-4b64-b2c6-737b584c45e1", "userPoints": 12403, "host": "newsinfo.inquirer.net", "uri": "/1438710/two-aging-red-leaders-slain", "articleId": "1438710", "title": "Two elderly communist leaders slain at home in the Visayas", "articleAvatar": "https://newsinfo.inquirer.net/files/2021/05/News153841-e1622304315797.jpg", "tag": "Reynadlo Bocala,Rustico Tan,slain NDFP consultants", "apiKey": "d45dc90a-b6cc-47b1-915e-9db149d05ace", "username": "topee", "userIsPrivate": false, "name": "Topee", "pictureUrl": "", "replies": [{"id": 113101938, "state": 0, "authorType": 0, "parentId": 113101780, "commentText": "<p>Put@ngInaMO~~G@g0!!! Galit yung Amo mong NgapapaSuweldo sa Pilipinong NPA PERO sa Kumistang China HINDI!!! Unti-unti ng Pinapasok ang Pilipinas Hindi lang ang mga Isla at Karagatan!!! PATI ang mga Enerhiya - Malampaya pagAari na ni Dennis Uy, ang Communication!!! ang DITO - Kasioso na ang mga Chinese!!!!  POGO nagkalat na sa buong Pilipinas!!! B0b0!!!!</p>", "createdTimestamp": 1622384058, "toxicity": 7, "spamValue": 70, "topComment": false, "edited": null, "reportSpamCount": 0, "likeCount": 0, "dislikeCount": 0, "replyCount": 0, "cookieId": null, "userId": "425e2ebf-0f5d-45f3-b2a2-947e8e39a2a1", "userPoints": 17550, "host": "newsinfo.inquirer.net", "uri": "/1438710/two-aging-red-leaders-slain", "articleId": "1438710", "title": "Two elderly communist leaders slain at home in the Visayas", "articleAvatar": "https://newsinfo.inquirer.net/files/2021/05/News153841-e1622304315797.jpg", "tag": "Reynadlo Bocala,Rustico Tan,slain NDFP consultants", "apiKey": "d45dc90a-b6cc-47b1-915e-9db149d05ace", "username": null, "userIsPrivate": false, "name": "Katagalugan 1205", "pictureUrl": "", "replies": []}]}
{"id": 113101719, "state": 0, "authorType": 0, "parentId": null, "commentText": "<p>15 billion ang Pondo ng NTF-ELCA Tapos Pagpapatayin lang ninyo! Yan ba ang sulosyon dyan!!! Patayin ninyo eh di may uubos lang na Panibagaong leader!!! B0b0 na administaryun PURO!! Kill-Kill,kill!!!!ang Propaganda. Unahin ninyo kasi ang Kahirapan,trhabaho , kapayapaan!!!!ng WALANG sumapi dyan sa mga Kuminista!!! </p>", "createdTimestamp": 1622383194, "toxicity": 66, "spamValue": 40, "topComment": false, "edited": null, "reportSpamCount": 0, "likeCount": 1, "dislikeCount": 0, "replyCount": 0, "cookieId": null, "userId": "425e2ebf-0f5d-45f3-b2a2-947e8e39a2a1", "userPoints": 17550, "host": "newsinfo.inquirer.net", "uri": "/1438710/two-aging-red-leaders-slain", "articleId": "1438710", "title": "Two elderly communist leaders slain at home in the Visayas", "articleAvatar": "https://newsinfo.inquirer.net/files/2021/05/News153841-e1622304315797.jpg", "tag": "Reynadlo Bocala,Rustico Tan,slain NDFP consultants", "apiKey": "d45dc90a-b6cc-47b1-915e-9db149d05ace", "username": "Dutraydor", "userIsPrivate": false, "name": "Katagalugan 1205", "pictureUrl": "", "replies": []}
{"id": 113101523, "state": 0, "authorType": 0, "parentId": null, "commentText": "<p>Seriously,  will they be missed?</p>", "createdTimestamp": 1622382483, "toxicity": 5, "spamValue": 4, "topComment": false, "edited": null, "reportSpamCount": 0, "likeCount": 1, "dislikeCount": 0, "replyCount": 0, "cookieId": null, "userId": "892f0c5e-1906-4b64-b2c6-737b584c45e1", "userPoints": 12403, "host": "newsinfo.inquirer.net", "uri": "/1438710/two-aging-red-leaders-slain", "articleId": "1438710", "title": "Two elderly communist leaders slain at home in the Visayas", "articleAvatar": "https://newsinfo.inquirer.net/files/2021/05/News153841-e1622304315797.jpg", "tag": "Reynadlo Bocala,Rustico Tan,slain NDFP consultants", "apiKey": "d45dc90a-b6cc-47b1-915e-9db149d05ace", "username": "topee", "userIsPrivate": false, "name": "Topee", "pictureUrl": "", "replies": []}
{"id": 113100747, "state": 0, "authorType": 0, "parentId": null, "commentText": "<p>Butchers of Dutae at work.  They will be busy butchering those who oppose his reign.</p>", "createdTimestamp": 1622379536, "toxicity": 34, "spamValue": 3, "topComment": false, "edited": null, "reportSpamCount": 0, "likeCount": 0, "dislikeCount": 0, "replyCount": 0, "cookieId": null, "userId": "2666a020-36b4-4060-9c06-99b4ec64fae3", "userPoints": 37694, "host": "newsinfo.inquirer.net", "uri": "/1438710/two-aging-red-leaders-slain", "articleId": "1438710", "title": "Two elderly communist leaders slain at home in the Visayas", "articleAvatar": "https://newsinfo.inquirer.net/files/2021/05/News153841-e1622304315797.jpg", "tag": "Reynadlo Bocala,Rustico Tan,slain NDFP consultants", "apiKey": "d45dc90a-b6cc-47b1-915e-9db149d05ace", "username": null, "userIsPrivate": false, "name": "luthgarda Knupp", "pictureUrl": "", "replies": []}
{"id": 113100082, "state": 0, "authorType": 0, "parentId": null, "commentText": "<p>Holiday in the Philippines, anyone ?</p>", "createdTimestamp": 1622376960, "toxicity": 5, "spamValue": 32, "topComment": false, "edited": null, "reportSpamCount": 0, "likeCount": 1, "dislikeCount": 0, "replyCount": 1, "cookieId": null, "userId": "9486a7cb-e149-4eaf-b69b-c48aa2467b42", "userPoints": 895, "host": "newsinfo.inquirer.net", "uri": "/1438710/two-aging-red-leaders-slain", "articleId": "1438710", "title": "Two elderly communist leaders slain at home in the Visayas", "articleAvatar": "https://newsinfo.inquirer.net/files/2021/05/News153841-e1622304315797.jpg", "tag": "Reynadlo Bocala,Rustico Tan,slain NDFP consultants", "apiKey": "d45dc90a-b6cc-47b1-915e-9db149d05ace", "username": "Tonto", "userIsPrivate": false, "name": "Forshank", "pictureUrl": "https://image.vuukle.com/9486a7cb-e149-4eaf-b69b-c48aa2467b42", "replies": [{"id": 113100776, "state": 0, "authorType": 0, "parentId": 113100082, "commentText": "<p>No, thanks. Not when Dutae and his minions are around.  They are worse than the corona virus.</p>", "createdTimestamp": 1622379632, "toxicity": 52, "spamValue": 5, "topComment": false, "edited": null, "reportSpamCount": 0, "likeCount": 0, "dislikeCount": 0, "replyCount": 0, "cookieId": null, "userId": "2666a020-36b4-4060-9c06-99b4ec64fae3", "userPoints": 37694, "host": "newsinfo.inquirer.net", "uri": "/1438710/two-aging-red-leaders-slain", "articleId": "1438710", "title": "Two elderly communist leaders slain at home in the Visayas", "articleAvatar": "https://newsinfo.inquirer.net/files/2021/05/News153841-e1622304315797.jpg", "tag": "Reynadlo Bocala,Rustico Tan,slain NDFP consultants", "apiKey": "d45dc90a-b6cc-47b1-915e-9db149d05ace", "username": null, "userIsPrivate": false, "name": "luthgarda Knupp", "pictureUrl": "", "replies": []}]}
{"id": 113100078, "state": 0, "authorType": 0, "parentId": null, "commentText": "<p>KlLL KlLL KlLL! THAT'S THE ONLY ACHIEVEMENT AND LEGACY OF DUGYUT.... BESIDES SHABU, OF COURSE!</p>", "createdTimestamp": 1622376941, "toxicity": 15, "spamValue": 53, "topComment": false, "edited": null, "reportSpamCount": 0, "likeCount": 4, "dislikeCount": 0, "replyCount": 0, "cookieId": null, "userId": "fad0ad4c-eeb9-4c2d-8b31-4821161a3538", "userPoints": 11308, "host": "newsinfo.inquirer.net", "uri": "/1438710/two-aging-red-leaders-slain", "articleId": "1438710", "title": "Two elderly communist leaders slain at home in the Visayas", "articleAvatar": "https://newsinfo.inquirer.net/files/2021/05/News153841-e1622304315797.jpg", "tag": "Reynadlo Bocala,Rustico Tan,slain NDFP consultants", "apiKey": "d45dc90a-b6cc-47b1-915e-9db149d05ace", "username": null, "userIsPrivate": true, "name": "jong!", "pictureUrl": "", "replies": []}
{"id": 113096081, "state": 0, "authorType": 0, "parentId": null, "commentText": "<p>were is Loot</p>", "createdTimestamp": 1622360705, "toxicity": 9, "spamValue": 7, "topComment": false, "edited": true, "reportSpamCount": 0, "likeCount": 2, "dislikeCount": 0, "replyCount": 1, "cookieId": null, "userId": "7ad6b1ac-b9b6-4657-86c8-64fd0dc62166", "userPoints": 481, "host": "newsinfo.inquirer.net", "uri": "/1438710/two-aging-red-leaders-slain", "articleId": "1438710", "title": "Two elderly communist leaders slain at home in the Visayas", "articleAvatar": "https://newsinfo.inquirer.net/files/2021/05/News153841-e1622304315797.jpg", "tag": "Reynadlo Bocala,Rustico Tan,slain NDFP consultants", "apiKey": "d45dc90a-b6cc-47b1-915e-9db149d05ace", "username": null, "userIsPrivate": false, "name": "Andy Dela Cruz", "pictureUrl": "", "replies": [{"id": 113100800, "state": 0, "authorType": 0, "parentId": 113096081, "commentText": "<p>He is kaput.</p>", "createdTimestamp": 1622379670, "toxicity": 9, "spamValue": 7, "topComment": false, "edited": null, "reportSpamCount": 0, "likeCount": 0, "dislikeCount": 0, "replyCount": 0, "cookieId": null, "userId": "2666a020-36b4-4060-9c06-99b4ec64fae3", "userPoints": 37694, "host": "newsinfo.inquirer.net", "uri": "/1438710/two-aging-red-leaders-slain", "articleId": "1438710", "title": "Two elderly communist leaders slain at home in the Visayas", "articleAvatar": "https://newsinfo.inquirer.net/files/2021/05/News153841-e1622304315797.jpg", "tag": "Reynadlo Bocala,Rustico Tan,slain NDFP consultants", "apiKey": "d45dc90a-b6cc-47b1-915e-9db149d05ace", "username": null, "userIsPrivate": false, "name": "luthgarda Knupp", "pictureUrl": "", "replies": []}]}
{"id": 113095634, "state": 0, "authorType": 0, "parentId": null, "commentText": "<p>YAN LANG NAMAN ANG KAYA NG GOBYERNO NA TO ... UN WALANG LABAN OR UN INDI KAYANG LUMABAN ... W.T.F </p>", "createdTimestamp": 1622359290, "toxicity": 71, "spamValue": 83, "topComment": false, "edited": null, "reportSpamCount": 0, "likeCount": 4, "dislikeCount": 1, "replyCount": 1, "cookieId": null, "userId": "9ae802a9-4889-4533-aece-0167b03de35c", "userPoints": 4360, "host": "newsinfo.inquirer.net", "uri": "/1438710/two-aging-red-leaders-slain", "articleId": "1438710", "title": "Two elderly communist leaders slain at home in the Visayas", "articleAvatar": "https://newsinfo.inquirer.net/files/2021/05/News153841-e1622304315797.jpg", "tag": "Reynadlo Bocala,Rustico Tan,slain NDFP consultants", "apiKey": "d45dc90a-b6cc-47b1-915e-9db149d05ace", "username": "salsalerooo", "userIsPrivate": false, "name": "salsalerooo", "pictureUrl": "", "replies": []}
{"id": 113094969, "state": 0, "authorType": 0, "parentId": null, "commentText": "<p>just like what johnson shampoo commercial say's</p><br><br>", "createdTimestamp": 1622357101, "toxicity": 8, "spamValue": 32, "topComment": false, "edited": null, "reportSpamCount": 0, "likeCount": 0, "dislikeCount": 0, "replyCount": 0, "cookieId": null, "userId": "ba8ad6cb-de30-430e-b909-106d299bc668", "userPoints": 3445, "host": "newsinfo.inquirer.net", "uri": "/1438710/two-aging-red-leaders-slain", "articleId": "1438710", "title": "Two elderly communist leaders slain at home in the Visayas", "articleAvatar": "https://newsinfo.inquirer.net/files/2021/05/News153841-e1622304315797.jpg", "tag": "Reynadlo Bocala,Rustico Tan,slain NDFP consultants", "apiKey": "d45dc90a-b6cc-47b1-915e-9db149d05ace", "username": null, "userIsPrivate": true, "name": "Pio Gante", "pictureUrl": "https://image.vuukle.com/ba8ad6cb-de30-430e-b909-106d299bc668", "replies": []}
{"id": 113094320, "state": 0, "authorType": 0, "parentId": null, "commentText": "<p>Eh yung tuta ng communist china, kelan ba masisentensyahan yan? </p>", "createdTimestamp": 1622354681, "toxicity": 40, "spamValue": 48, "topComment": false, "edited": null, "reportSpamCount": 0, "likeCount": 5, "dislikeCount": 0, "replyCount": 1, "cookieId": null, "userId": "05fefdda-ef81-4f8e-a2ff-15398fb66afb", "userPoints": 45, "host": "newsinfo.inquirer.net", "uri": "/1438710/two-aging-red-leaders-slain", "articleId": "1438710", "title": "Two elderly communist leaders slain at home in the Visayas", "articleAvatar": "https://newsinfo.inquirer.net/files/2021/05/News153841-e1622304315797.jpg", "tag": "Reynadlo Bocala,Rustico Tan,slain NDFP consultants", "apiKey": "d45dc90a-b6cc-47b1-915e-9db149d05ace", "username": null, "userIsPrivate": false, "name": "Baranjaran", "pictureUrl": "", "replies": [{"id": 113094417, "state": 3, "authorType": 0, "parentId": 113094320, "commentText": "[Comment was reported by other users]", "createdTimestamp": 1622355052, "toxicity": 45, "spamValue": 7, "topComment": false, "edited": null, "reportSpamCount": 3, "likeCount": 1, "dislikeCount": 2, "replyCount": 1, "cookieId": null, "userId": "d824ebcf-88c8-4d8d-95a1-cf9677ebb2ae", "userPoints": 28481, "host": "newsinfo.inquirer.net", "uri": "/1438710/two-aging-red-leaders-slain", "articleId": "1438710", "title": "Two elderly communist leaders slain at home in the Visayas", "articleAvatar": "https://newsinfo.inquirer.net/files/2021/05/News153841-e1622304315797.jpg", "tag": "Reynadlo Bocala,Rustico Tan,slain NDFP consultants", "apiKey": "d45dc90a-b6cc-47b1-915e-9db149d05ace", "username": null, "userIsPrivate": false, "name": "Isko D Lara", "pictureUrl": "", "replies": [{"id": 113096894, "state": 0, "authorType": 0, "parentId": 113094417, "commentText": "<p>Ay DDS sheet spotted. Di ba pwedeng aspiration muna bago mag imply ng mental issue? kseh kung tutuusin mukhang si tatay mong hilaw ang may mental issues - documented yan ha. at damay na lang ang mga tabz na nauto sa mga bifurcation fallacies ng tray door na tuta - guilty sa pagiging sira ulo by association. ssg</p>", "createdTimestamp": 1622363975, "toxicity": 40, "spamValue": 50, "topComment": false, "edited": null, "reportSpamCount": 0, "likeCount": 4, "dislikeCount": 0, "replyCount": 1, "cookieId": null, "userId": "05fefdda-ef81-4f8e-a2ff-15398fb66afb", "userPoints": 45, "host": "newsinfo.inquirer.net", "uri": "/1438710/two-aging-red-leaders-slain", "articleId": "1438710", "title": "Two elderly communist leaders slain at home in the Visayas", "articleAvatar": "https://newsinfo.inquirer.net/files/2021/05/News153841-e1622304315797.jpg", "tag": "Reynadlo Bocala,Rustico Tan,slain NDFP consultants", "apiKey": "d45dc90a-b6cc-47b1-915e-9db149d05ace", "username": null, "userIsPrivate": false, "name": "Baranjaran", "pictureUrl": "", "replies": []}]}]}
{"id": 113093659, "state": 0, "authorType": 0, "parentId": null, "commentText": "<p>I do not like communist whichever side of WPS they are. But killing isn't the answer. Killing will just bring more killing.</p><p>A government shall fight criminals and terrorists the good way.</p><p>Not the same way as terrorists and criminals do. Otherwise authorities same wrong doing.</p><p>Now Islamist never get killed at home while sleeping. They fall and go jail the normal way.</p><p><br></p>", "createdTimestamp": 1622351890, "toxicity": 59, "spamValue": 4, "topComment": false, "edited": null, "reportSpamCount": 0, "likeCount": 7, "dislikeCount": 0, "replyCount": 0, "cookieId": null, "userId": "8c84afc3-1c80-4629-b1e1-e6fbf2a3f318", "userPoints": 346, "host": "newsinfo.inquirer.net", "uri": "/1438710/two-aging-red-leaders-slain", "articleId": "1438710", "title": "Two elderly communist leaders slain at home in the Visayas", "articleAvatar": "https://newsinfo.inquirer.net/files/2021/05/News153841-e1622304315797.jpg", "tag": "Reynadlo Bocala,Rustico Tan,slain NDFP consultants", "apiKey": "d45dc90a-b6cc-47b1-915e-9db149d05ace", "username": null, "userIsPrivate": false, "name": "Réjean", "pictureUrl": "", "replies": []}
{"id": 113093625, "state": 0, "authorType": 0, "parentId": null, "commentText": "<p>Di kawalan sa society mga yan! </p>", "createdTimestamp": 1622351753, "toxicity": 24, "spamValue": 10, "topComment": false, "edited": null, "reportSpamCount": 1, "likeCount": 3, "dislikeCount": 2, "replyCount": 0, "cookieId": null, "userId": "56717209-2944-4e06-b41c-e9181f034c2e", "userPoints": 600, "host": "newsinfo.inquirer.net", "uri": "/1438710/two-aging-red-leaders-slain", "articleId": "1438710", "title": "Two elderly communist leaders slain at home in the Visayas", "articleAvatar": "https://newsinfo.inquirer.net/files/2021/05/News153841-e1622304315797.jpg", "tag": "Reynadlo Bocala,Rustico Tan,slain NDFP consultants", "apiKey": "d45dc90a-b6cc-47b1-915e-9db149d05ace", "username": null, "userIsPrivate": false, "name": "ondo", "pictureUrl": "", "replies": []}
{"id": 113093336, "state": 0, "authorType": 0, "parentId": null, "commentText": "<p>Pinagpapatay na naman ni Dutae mga yan..</p>", "createdTimestamp": 1622350461, "toxicity": 26, "spamValue": 33, "topComment": false, "edited": null, "reportSpamCount": 0, "likeCount": 3, "dislikeCount": 0, "replyCount": 1, "cookieId": null, "userId": "183b26eb-155a-45fe-9a34-15fd6b6219a5", "userPoints": 14686, "host": "newsinfo.inquirer.net", "uri": "/1438710/two-aging-red-leaders-slain", "articleId": "1438710", "title": "Two elderly communist leaders slain at home in the Visayas", "articleAvatar": "https://newsinfo.inquirer.net/files/2021/05/News153841-e1622304315797.jpg", "tag": "Reynadlo Bocala,Rustico Tan,slain NDFP consultants", "apiKey": "d45dc90a-b6cc-47b1-915e-9db149d05ace", "username": null, "userIsPrivate": true, "name": "DuWagterte", "pictureUrl": "https://image.vuukle.com/183b26eb-155a-45fe-9a34-15fd6b6219a5", "replies": []}
{"id": 113092976, "state": 3, "authorType": 0, "parentId": null, "commentText": "[Comment was reported by other users]", "createdTimestamp": 1622348764, "toxicity": 30, "spamValue": 44, "topComment": false, "edited": null, "reportSpamCount": 2, "likeCount": 1, "dislikeCount": 2, "replyCount": 1, "cookieId": null, "userId": "7fa9a28a-007d-402c-b97a-c02e87bfb9d9", "userPoints": 2720, "host": "newsinfo.inquirer.net", "uri": "/1438710/two-aging-red-leaders-slain", "articleId": "1438710", "title": "Two elderly communist leaders slain at home in the Visayas", "articleAvatar": "https://newsinfo.inquirer.net/files/2021/05/News153841-e1622304315797.jpg", "tag": "Reynadlo Bocala,Rustico Tan,slain NDFP consultants", "apiKey": "d45dc90a-b6cc-47b1-915e-9db149d05ace", "username": null, "userIsPrivate": false, "name": "Agtang Sinaw", "pictureUrl": "", "replies": [{"id": 113096830, "state": 0, "authorType": 0, "parentId": 113092976, "commentText": "<p>Customs bir at immigration sama mo na</p>", "createdTimestamp": 1622363698, "toxicity": 23, "spamValue": 21, "topComment": false, "edited": null, "reportSpamCount": 0, "likeCount": 0, "dislikeCount": 0, "replyCount": 0, "cookieId": null, "userId": "eedebc0f-38ff-4068-8738-9df29bdf4f33", "userPoints": 2375, "host": "newsinfo.inquirer.net", "uri": "/1438710/two-aging-red-leaders-slain", "articleId": "1438710", "title": "Two elderly communist leaders slain at home in the Visayas", "articleAvatar": "https://newsinfo.inquirer.net/files/2021/05/News153841-e1622304315797.jpg", "tag": "Reynadlo Bocala,Rustico Tan,slain NDFP consultants", "apiKey": "d45dc90a-b6cc-47b1-915e-9db149d05ace", "username": null, "userIsPrivate": false, "name": "kolokoyboy", "pictureUrl": "", "replies": []}]}
{"id": 113092696, "state": 0, "authorType": 0, "parentId": null, "commentText": "<p>felipenis ethics and traditions....</p><p><br></p><p>if you can't handle the youth....</p><p><br></p><p>go hostage and kill the elders....</p><p><br></p><p>so felipenis!</p>", "createdTimestamp": 1622347679, "toxicity": 77, "spamValue": 57, "topComment": false, "edited": null, "reportSpamCount": 1, "likeCount": 0, "dislikeCount": 1, "replyCount": 1, "cookieId": null, "userId": "7bb13ac3-eac1-4a8b-92bb-561d03e67d0c", "userPoints": 20355, "host": "newsinfo.inquirer.net", "uri": "/1438710/two-aging-red-leaders-slain", "articleId": "1438710", "title": "Two elderly communist leaders slain at home in the Visayas", "articleAvatar": "https://newsinfo.inquirer.net/files/2021/05/News153841-e1622304315797.jpg", "tag": "Reynadlo Bocala,Rustico Tan,slain NDFP consultants", "apiKey": "d45dc90a-b6cc-47b1-915e-9db149d05ace", "username": "FelipenisChimpGAGOs", "userIsPrivate": false, "name": "Felipenis Chimpgagos", "pictureUrl": "", "replies": []}
{"id": 113092334, "state": 0, "authorType": 0, "parentId": null, "commentText": "<p>Many are ignorant WHY ppl join the cpp and the like. Easy for you to condemn the altruism of others. If you haven’t immersed yourself and have witnessed the injustices and poverty of the IPs and the rural folks, then zip your mouths coz you’re only embarrassing yourself. Shame on you. </p>", "createdTimestamp": 1622346378, "toxicity": 74, "spamValue": 4, "topComment": false, "edited": null, "reportSpamCount": 0, "likeCount": 7, "dislikeCount": 0, "replyCount": 0, "cookieId": null, "userId": "dc51049d-2a3f-4731-9678-15933bbdddb3", "userPoints": 2197, "host": "newsinfo.inquirer.net", "uri": "/1438710/two-aging-red-leaders-slain", "articleId": "1438710", "title": "Two elderly communist leaders slain at home in the Visayas", "articleAvatar": "https://newsinfo.inquirer.net/files/2021/05/News153841-e1622304315797.jpg", "tag": "Reynadlo Bocala,Rustico Tan,slain NDFP consultants", "apiKey": "d45dc90a-b6cc-47b1-915e-9db149d05ace", "username": "Banquo80s", "userIsPrivate": false, "name": "banquo80s", "pictureUrl": "https://image.vuukle.com/dc51049d-2a3f-4731-9678-15933bbdddb3", "replies": []}
{"id": 113092142, "state": 0, "authorType": 0, "parentId": null, "commentText": "<p>Live by the sword. Die by the sword.  <span data-value=\"///this-is-an-emoji///\">﻿<span contenteditable=\"false\">⚔️</span>﻿</span></p>", "createdTimestamp": 1622345560, "toxicity": 48, "spamValue": 22, "topComment": false, "edited": null, "reportSpamCount": 0, "likeCount": 2, "dislikeCount": 0, "replyCount": 0, "cookieId": null, "userId": "47a6822a-edbc-47ec-811c-e5b60c12ac6e", "userPoints": 1623, "host": "newsinfo.inquirer.net", "uri": "/1438710/two-aging-red-leaders-slain", "articleId": "1438710", "title": "Two elderly communist leaders slain at home in the Visayas", "articleAvatar": "https://newsinfo.inquirer.net/files/2021/05/News153841-e1622304315797.jpg", "tag": "Reynadlo Bocala,Rustico Tan,slain NDFP consultants", "apiKey": "d45dc90a-b6cc-47b1-915e-9db149d05ace", "username": "erine0", "userIsPrivate": false, "name": "erine0", "pictureUrl": "", "replies": []}
{"id": 113091849, "state": 0, "authorType": 0, "parentId": null, "commentText": "<p>Isn't Duterte was supported by CPP NPA and voted by its members during last elections he even welcome them in Malacanyang Palace to celebrate so why he was killing them without due process. However The Chinaman loves Communist China who was supporting him in funds and protection. Is there a difference between Communist China and local Communist. Anyway this question anybody can answer. </p>", "createdTimestamp": 1622343999, "toxicity": 43, "spamValue": 11, "topComment": false, "edited": null, "reportSpamCount": 0, "likeCount": 5, "dislikeCount": 0, "replyCount": 1, "cookieId": null, "userId": "36d8ca3a-6fc7-43b4-afad-b58ff67939d8", "userPoints": 7970, "host": "newsinfo.inquirer.net", "uri": "/1438710/two-aging-red-leaders-slain", "articleId": "1438710", "title": "Two elderly communist leaders slain at home in the Visayas", "articleAvatar": "https://newsinfo.inquirer.net/files/2021/05/News153841-e1622304315797.jpg", "tag": "Reynadlo Bocala,Rustico Tan,slain NDFP consultants", "apiKey": "d45dc90a-b6cc-47b1-915e-9db149d05ace", "username": null, "userIsPrivate": true, "name": "AVATAR", "pictureUrl": "https://image.vuukle.com/36d8ca3a-6fc7-43b4-afad-b58ff67939d8", "replies": []}
{"id": 113091802, "state": 3, "authorType": 0, "parentId": null, "commentText": "[Comment was reported by other users]", "createdTimestamp": 1622343840, "toxicity": 44, "spamValue": 1, "topComment": false, "edited": null, "reportSpamCount": 4, "likeCount": 0, "dislikeCount": 3, "replyCount": 1, "cookieId": null, "userId": "ea588998-23bb-4757-9ef6-a8a849fa0dff", "userPoints": 21228, "host": "newsinfo.inquirer.net", "uri": "/1438710/two-aging-red-leaders-slain", "articleId": "1438710", "title": "Two elderly communist leaders slain at home in the Visayas", "articleAvatar": "https://newsinfo.inquirer.net/files/2021/05/News153841-e1622304315797.jpg", "tag": "Reynadlo Bocala,Rustico Tan,slain NDFP consultants", "apiKey": "d45dc90a-b6cc-47b1-915e-9db149d05ace", "username": "Sherley", "userIsPrivate": true, "name": "Sherley", "pictureUrl": "https://image.vuukle.com/ea588998-23bb-4757-9ef6-a8a849fa0dff", "replies": [{"id": 113093897, "state": 0, "authorType": 0, "parentId": 113091802, "commentText": "<p>Dont worry, same will be done to the Biggest Terrorist mafia organization, CCP China</p>", "createdTimestamp": 1622352956, "toxicity": 48, "spamValue": 9, "topComment": false, "edited": null, "reportSpamCount": 0, "likeCount": 2, "dislikeCount": 0, "replyCount": 0, "cookieId": null, "userId": "8cfbd49d-7136-4dee-b29e-30da835c6888", "userPoints": 6055, "host": "newsinfo.inquirer.net", "uri": "/1438710/two-aging-red-leaders-slain", "articleId": "1438710", "title": "Two elderly communist leaders slain at home in the Visayas", "articleAvatar": "https://newsinfo.inquirer.net/files/2021/05/News153841-e1622304315797.jpg", "tag": "Reynadlo Bocala,Rustico Tan,slain NDFP consultants", "apiKey": "d45dc90a-b6cc-47b1-915e-9db149d05ace", "username": null, "userIsPrivate": false, "name": "no_to_china_mafia_communist", "pictureUrl": "", "replies": []}]}
{"id": 113091515, "state": 0, "authorType": 0, "parentId": null, "commentText": "<p>Articles like this one only serve to explain why the Philippines will forever be viewed as a Third World country.</p>", "createdTimestamp": 1622342161, "toxicity": 15, "spamValue": 32, "topComment": false, "edited": null, "reportSpamCount": 0, "likeCount": 4, "dislikeCount": 0, "replyCount": 0, "cookieId": null, "userId": "f5edc554-c6c5-46ab-9cb7-58756e39028c", "userPoints": 190, "host": "newsinfo.inquirer.net", "uri": "/1438710/two-aging-red-leaders-slain", "articleId": "1438710", "title": "Two elderly communist leaders slain at home in the Visayas", "articleAvatar": "https://newsinfo.inquirer.net/files/2021/05/News153841-e1622304315797.jpg", "tag": "Reynadlo Bocala,Rustico Tan,slain NDFP consultants", "apiKey": "d45dc90a-b6cc-47b1-915e-9db149d05ace", "username": null, "userIsPrivate": false, "name": "Titto Jayson", "pictureUrl": "https://image.vuukle.com/f5edc554-c6c5-46ab-9cb7-58756e39028c", "replies": []}
{"id": 113091427, "state": 0, "authorType": 0, "parentId": null, "commentText": "<p>Ipa-imbestiga nila sa NBI tapos ang tanong ko sa DOJ at NBI, saan ang fiscal nung ang warrants naman ay nakalagay ang isang sensitibong operation gaya ng anti-terror.  Kung ganyang ang DOJ at Korte ay hindi co-operative ay malamang mapatay yung terrorist.  Nasa order of battle ng law enforcer yan at wlang jurisdiction ang korte diyan. Kaya dapat si fiscal ay bababa.</p>", "createdTimestamp": 1622341792, "toxicity": 43, "spamValue": 68, "topComment": false, "edited": null, "reportSpamCount": 0, "likeCount": 0, "dislikeCount": 0, "replyCount": 1, "cookieId": null, "userId": "a4e0ba67-aae5-4e8d-9c05-77b9cf5245ff", "userPoints": 5765, "host": "newsinfo.inquirer.net", "uri": "/1438710/two-aging-red-leaders-slain", "articleId": "1438710", "title": "Two elderly communist leaders slain at home in the Visayas", "articleAvatar": "https://newsinfo.inquirer.net/files/2021/05/News153841-e1622304315797.jpg", "tag": "Reynadlo Bocala,Rustico Tan,slain NDFP consultants", "apiKey": "d45dc90a-b6cc-47b1-915e-9db149d05ace", "username": "tr1993rhappy", "userIsPrivate": false, "name": "trigger happy", "pictureUrl": "", "replies": []}
{"id": 113091353, "state": 0, "authorType": 0, "parentId": null, "commentText": "<p>MABUHAY ang AFP at PNP.....let us all support them so that these NPAs who are more deadly than the COVID 19 are totally eliminated from this earth.</p>", "createdTimestamp": 1622341304, "toxicity": 38, "spamValue": 55, "topComment": false, "edited": null, "reportSpamCount": 1, "likeCount": 2, "dislikeCount": 5, "replyCount": 1, "cookieId": null, "userId": "3a188af8-4e49-40b4-b8e3-675ab6a688df", "userPoints": 1223, "host": "newsinfo.inquirer.net", "uri": "/1438710/two-aging-red-leaders-slain", "articleId": "1438710", "title": "Two elderly communist leaders slain at home in the Visayas", "articleAvatar": "https://newsinfo.inquirer.net/files/2021/05/News153841-e1622304315797.jpg", "tag": "Reynadlo Bocala,Rustico Tan,slain NDFP consultants", "apiKey": "d45dc90a-b6cc-47b1-915e-9db149d05ace", "username": null, "userIsPrivate": false, "name": "ricardo avelino caberte", "pictureUrl": "", "replies": [{"id": 113091689, "state": 0, "authorType": 0, "parentId": 113091353, "commentText": "<p>There is more DEADLY NPA sitting beside Pasig river idolized by ESTYUPID M0R0NS,and he deserve not just tokhang but hang,  SKIN ALIVE upside down !!</p>", "createdTimestamp": 1622343141, "toxicity": 24, "spamValue": 16, "topComment": false, "edited": null, "reportSpamCount": 0, "likeCount": 5, "dislikeCount": 0, "replyCount": 0, "cookieId": null, "userId": "2ec3d141-0072-4c57-a65d-98fde21e9853", "userPoints": 616, "host": "newsinfo.inquirer.net", "uri": "/1438710/two-aging-red-leaders-slain", "articleId": "1438710", "title": "Two elderly communist leaders slain at home in the Visayas", "articleAvatar": "https://newsinfo.inquirer.net/files/2021/05/News153841-e1622304315797.jpg", "tag": "Reynadlo Bocala,Rustico Tan,slain NDFP consultants", "apiKey": "d45dc90a-b6cc-47b1-915e-9db149d05ace", "username": null, "userIsPrivate": false, "name": "Mark Andrei", "pictureUrl": "https://image.vuukle.com/2ec3d141-0072-4c57-a65d-98fde21e9853", "replies": []}]}
{"id": 113091178, "state": 0, "authorType": 0, "parentId": null, "commentText": "<p><span data-value=\"///this-is-an-emoji///\">﻿<span contenteditable=\"false\">👍</span>﻿</span><span data-value=\"///this-is-an-emoji///\">﻿<span contenteditable=\"false\">👍</span>﻿</span><span data-value=\"///this-is-an-emoji///\">﻿<span contenteditable=\"false\">👍</span>﻿</span><span data-value=\"///this-is-an-emoji///\">﻿<span contenteditable=\"false\">👍</span>﻿</span><span data-value=\"///this-is-an-emoji///\">﻿<span contenteditable=\"false\">👍</span>﻿</span><span data-value=\"///this-is-an-emoji///\">﻿<span contenteditable=\"false\">👍</span>﻿</span><span data-value=\"///this-is-an-emoji///\">﻿<span contenteditable=\"false\">👍</span>﻿</span><span data-value=\"///this-is-an-emoji///\">﻿<span contenteditable=\"false\">👍</span>﻿</span><span data-value=\"///this-is-an-emoji///\">﻿<span contenteditable=\"false\">👍</span>﻿</span><span data-value=\"///this-is-an-emoji///\">﻿<span contenteditable=\"false\">👍</span>﻿</span><span data-value=\"///this-is-an-emoji///\">﻿<span contenteditable=\"false\">👍</span>﻿</span><span data-value=\"///this-is-an-emoji///\">﻿<span contenteditable=\"false\">👍</span>﻿</span><span data-value=\"///this-is-an-emoji///\">﻿<span contenteditable=\"false\">👍</span>﻿</span><span data-value=\"///this-is-an-emoji///\">﻿<span contenteditable=\"false\">👍</span>﻿</span><span data-value=\"///this-is-an-emoji///\">﻿<span contenteditable=\"false\">👍</span>﻿</span><span data-value=\"///this-is-an-emoji///\">﻿<span contenteditable=\"false\">👍</span>﻿</span><span data-value=\"///this-is-an-emoji///\">﻿<span contenteditable=\"false\">👍</span>﻿</span><span data-value=\"///this-is-an-emoji///\">﻿<span contenteditable=\"false\">👍</span>﻿</span><span data-value=\"///this-is-an-emoji///\">﻿<span contenteditable=\"false\">👍</span>﻿</span><span data-value=\"///this-is-an-emoji///\">﻿<span contenteditable=\"false\">👍</span>﻿</span><span data-value=\"///this-is-an-emoji///\">﻿<span contenteditable=\"false\">👍</span>﻿</span><span data-value=\"///this-is-an-emoji///\">﻿<span contenteditable=\"false\">👍</span>﻿</span><span data-value=\"///this-is-an-emoji///\">﻿<span contenteditable=\"false\">👍</span>﻿</span><span data-value=\"///this-is-an-emoji///\">﻿<span contenteditable=\"false\">👊</span>﻿</span><span data-value=\"///this-is-an-emoji///\">﻿<span contenteditable=\"false\">👊</span>﻿</span><span data-value=\"///this-is-an-emoji///\">﻿<span contenteditable=\"false\">👊</span>﻿</span><span data-value=\"///this-is-an-emoji///\">﻿<span contenteditable=\"false\">👊</span>﻿</span><span data-value=\"///this-is-an-emoji///\">﻿<span contenteditable=\"false\">👊</span>﻿</span><span data-value=\"///this-is-an-emoji///\">﻿<span contenteditable=\"false\">👊</span>﻿</span><span data-value=\"///this-is-an-emoji///\">﻿<span contenteditable=\"false\">👊</span>﻿</span><span data-value=\"///this-is-an-emoji///\">﻿<span contenteditable=\"false\">👊</span>﻿</span><span data-value=\"///this-is-an-emoji///\">﻿<span contenteditable=\"false\">👊</span>﻿</span><span data-value=\"///this-is-an-emoji///\">﻿<span contenteditable=\"false\">👊</span>﻿</span><span data-value=\"///this-is-an-emoji///\">﻿<span contenteditable=\"false\">👊</span>﻿</span><span data-value=\"///this-is-an-emoji///\">﻿<span contenteditable=\"false\">👊</span>﻿</span><span data-value=\"///this-is-an-emoji///\">﻿<span contenteditable=\"false\">👊</span>﻿</span><span data-value=\"///this-is-an-emoji///\">﻿<span contenteditable=\"false\">👊</span>﻿</span><span data-value=\"///this-is-an-emoji///\">﻿<span contenteditable=\"false\">👊</span>﻿</span><span data-value=\"///this-is-an-emoji///\">﻿<span contenteditable=\"false\">👊</span>﻿</span><span data-value=\"///this-is-an-emoji///\">﻿<span contenteditable=\"false\">👊</span>﻿</span><span data-value=\"///this-is-an-emoji///\">﻿<span contenteditable=\"false\">👊</span>﻿</span><span data-value=\"///this-is-an-emoji///\">﻿<span contenteditable=\"false\">👊</span>﻿</span><span data-value=\"///this-is-an-emoji///\">﻿<span contenteditable=\"false\">👊</span>﻿</span><span data-value=\"///this-is-an-emoji///\">﻿<span contenteditable=\"false\">👊</span>﻿</span><span data-value=\"///this-is-an-emoji///\">﻿<span contenteditable=\"false\">👊</span>﻿</span><span data-value=\"///this-is-an-emoji///\">﻿<span contenteditable=\"false\">👊</span>﻿</span><span data-value=\"///this-is-an-emoji///\">﻿<span contenteditable=\"false\">👊</span>﻿</span><span data-value=\"///this-is-an-emoji///\">﻿<span contenteditable=\"false\">👊</span>﻿</span><span data-value=\"///this-is-an-emoji///\">﻿<span contenteditable=\"false\">👊</span>﻿</span><span data-value=\"///this-is-an-emoji///\">﻿<span contenteditable=\"false\">👊</span>﻿</span><span data-value=\"///this-is-an-emoji///\">﻿<span contenteditable=\"false\">👊</span>﻿</span><span data-value=\"///this-is-an-emoji///\">﻿<span contenteditable=\"false\">👊</span>﻿</span><span data-value=\"///this-is-an-emoji///\">﻿<span contenteditable=\"false\">👍</span>﻿</span><span data-value=\"///this-is-an-emoji///\">﻿<span contenteditable=\"false\">👍</span>﻿</span><span data-value=\"///this-is-an-emoji///\">﻿<span contenteditable=\"false\">👍</span>﻿</span><span data-value=\"///this-is-an-emoji///\">﻿<span contenteditable=\"false\">👍</span>﻿</span><span data-value=\"///this-is-an-emoji///\">﻿<span contenteditable=\"false\">👍</span>﻿</span><span data-value=\"///this-is-an-emoji///\">﻿<span contenteditable=\"false\">👍</span>﻿</span><span data-value=\"///this-is-an-emoji///\">﻿<span contenteditable=\"false\">👍</span>﻿</span><span data-value=\"///this-is-an-emoji///\">﻿<span contenteditable=\"false\">👍</span>﻿</span><span data-value=\"///this-is-an-emoji///\">﻿<span contenteditable=\"false\">👍</span>﻿</span><span data-value=\"///this-is-an-emoji///\">﻿<span contenteditable=\"false\">👍</span>﻿</span><span data-value=\"///this-is-an-emoji///\">﻿<span contenteditable=\"false\">👍</span>﻿</span><span data-value=\"///this-is-an-emoji///\">﻿<span contenteditable=\"false\">👍</span>﻿</span><span data-value=\"///this-is-an-emoji///\">﻿<span contenteditable=\"false\">👍</span>﻿</span><span data-value=\"///this-is-an-emoji///\">﻿<span contenteditable=\"false\">👍</span>﻿</span><span data-value=\"///this-is-an-emoji///\">﻿<span contenteditable=\"false\">👍</span>﻿</span><span data-value=\"///this-is-an-emoji///\">﻿<span contenteditable=\"false\">👍</span>﻿</span><span data-value=\"///this-is-an-emoji///\">﻿<span contenteditable=\"false\">👍</span>﻿</span><span data-value=\"///this-is-an-emoji///\">﻿<span contenteditable=\"false\">👍</span>﻿</span><span data-value=\"///this-is-an-emoji///\">﻿<span contenteditable=\"false\">👍</span>﻿</span><span data-value=\"///this-is-an-emoji///\">﻿<span contenteditable=\"false\">👍</span>﻿</span><span data-value=\"///this-is-an-emoji///\">﻿<span contenteditable=\"false\">👍</span>﻿</span><span data-value=\"///this-is-an-emoji///\">﻿<span contenteditable=\"false\">👍</span>﻿</span><span data-value=\"///this-is-an-emoji///\">﻿<span contenteditable=\"false\">👍</span>﻿</span><span data-value=\"///this-is-an-emoji///\">﻿<span contenteditable=\"false\">👍</span>﻿</span><span data-value=\"///this-is-an-emoji///\">﻿<span contenteditable=\"false\">👍</span>﻿</span><span data-value=\"///this-is-an-emoji///\">﻿<span contenteditable=\"false\">👍</span>﻿</span><span data-value=\"///this-is-an-emoji///\">﻿<span contenteditable=\"false\">👍</span>﻿</span></p>", "createdTimestamp": 1622340165, "toxicity": 6, "spamValue": 3, "topComment": false, "edited": null, "reportSpamCount": 1, "likeCount": 2, "dislikeCount": 3, "replyCount": 1, "cookieId": null, "userId": "1387b7ca-b568-4156-ae7e-f1ff0cd1c6fb", "userPoints": 10, "host": "newsinfo.inquirer.net", "uri": "/1438710/two-aging-red-leaders-slain", "articleId": "1438710", "title": "Two elderly communist leaders slain at home in the Visayas", "articleAvatar": "https://newsinfo.inquirer.net/files/2021/05/News153841-e1622304315797.jpg", "tag": "Reynadlo Bocala,Rustico Tan,slain NDFP consultants", "apiKey": "d45dc90a-b6cc-47b1-915e-9db149d05ace", "username": null, "userIsPrivate": false, "name": "Noel C. Lastra", "pictureUrl": "https://graph.facebook.com/4635485719799624/picture?type=large", "replies": [{"id": 113091295, "state": 0, "authorType": 0, "parentId": 113091178, "commentText": "<p>You being a new commenter ... I usually lay out a sentence of \"Welcome!\" to encourage or enrage as the case may be ...</p><p><br></p><p>But in your case ... <span data-value=\"///this-is-an-emoji///\">﻿<span contenteditable=\"false\">🚯</span>﻿</span><span data-value=\"///this-is-an-emoji///\">﻿<span contenteditable=\"false\">💩</span>﻿</span><span data-value=\"///this-is-an-emoji///\">﻿<span contenteditable=\"false\">👃</span>﻿</span><span data-value=\"///this-is-an-emoji///\">﻿<span contenteditable=\"false\">🦨</span>﻿</span></p>", "createdTimestamp": 1622340963, "toxicity": 19, "spamValue": 8, "topComment": false, "edited": null, "reportSpamCount": 0, "likeCount": 1, "dislikeCount": 0, "replyCount": 0, "cookieId": null, "userId": "95ca9761-6e08-4fc6-b00d-250847ece356", "userPoints": 12522, "host": "newsinfo.inquirer.net", "uri": "/1438710/two-aging-red-leaders-slain", "articleId": "1438710", "title": "Two elderly communist leaders slain at home in the Visayas", "articleAvatar": "https://newsinfo.inquirer.net/files/2021/05/News153841-e1622304315797.jpg", "tag": "Reynadlo Bocala,Rustico Tan,slain NDFP consultants", "apiKey": "d45dc90a-b6cc-47b1-915e-9db149d05ace", "username": null, "userIsPrivate": false, "name": "z. a. paz", "pictureUrl": "https://image.vuukle.com/95ca9761-6e08-4fc6-b00d-250847ece356", "replies": []}]}
{"id": 113091140, "state": 0, "authorType": 0, "parentId": null, "commentText": "<p>Marami ng utang ang dapat bayaran ng mga iyan!! Nabubuhay sa baril doo din mamamatay.</p>", "createdTimestamp": 1622339956, "toxicity": 35, "spamValue": 45, "topComment": false, "edited": null, "reportSpamCount": 1, "likeCount": 2, "dislikeCount": 1, "replyCount": 0, "cookieId": null, "userId": "7d4d6d93-f076-4fe8-aa42-ae279113c155", "userPoints": 1352, "host": "newsinfo.inquirer.net", "uri": "/1438710/two-aging-red-leaders-slain", "articleId": "1438710", "title": "Two elderly communist leaders slain at home in the Visayas", "articleAvatar": "https://newsinfo.inquirer.net/files/2021/05/News153841-e1622304315797.jpg", "tag": "Reynadlo Bocala,Rustico Tan,slain NDFP consultants", "apiKey": "d45dc90a-b6cc-47b1-915e-9db149d05ace", "username": null, "userIsPrivate": false, "name": "ksafan0", "pictureUrl": "", "replies": []}
{"id": 113091137, "state": 0, "authorType": 0, "parentId": null, "commentText": "<p>We do not want that ABB retaliation squad of NPA that wrecked havoc in the 80's in retaliation for the atrocities of Col Abadia against suspected NPA supporters to be repeated. Surely the military &amp; PNP would deny any involvement. But who else has the interest on the lives of these people? </p>", "createdTimestamp": 1622339927, "toxicity": 19, "spamValue": 7, "topComment": false, "edited": null, "reportSpamCount": 0, "likeCount": 3, "dislikeCount": 0, "replyCount": 1, "cookieId": null, "userId": "e3ea1db2-8563-4092-9f44-3d4ed70c0c91", "userPoints": 3075, "host": "newsinfo.inquirer.net", "uri": "/1438710/two-aging-red-leaders-slain", "articleId": "1438710", "title": "Two elderly communist leaders slain at home in the Visayas", "articleAvatar": "https://newsinfo.inquirer.net/files/2021/05/News153841-e1622304315797.jpg", "tag": "Reynadlo Bocala,Rustico Tan,slain NDFP consultants", "apiKey": "d45dc90a-b6cc-47b1-915e-9db149d05ace", "username": null, "userIsPrivate": false, "name": "Joaquin Fernandez", "pictureUrl": "", "replies": [{"id": 113091713, "state": 0, "authorType": 0, "parentId": 113091137, "commentText": "<p>that is what du30 want</p><p><br></p><p>Killings vs killings..</p>", "createdTimestamp": 1622343268, "toxicity": 40, "spamValue": 25, "topComment": false, "edited": null, "reportSpamCount": 0, "likeCount": 2, "dislikeCount": 0, "replyCount": 0, "cookieId": null, "userId": "2ec3d141-0072-4c57-a65d-98fde21e9853", "userPoints": 616, "host": "newsinfo.inquirer.net", "uri": "/1438710/two-aging-red-leaders-slain", "articleId": "1438710", "title": "Two elderly communist leaders slain at home in the Visayas", "articleAvatar": "https://newsinfo.inquirer.net/files/2021/05/News153841-e1622304315797.jpg", "tag": "Reynadlo Bocala,Rustico Tan,slain NDFP consultants", "apiKey": "d45dc90a-b6cc-47b1-915e-9db149d05ace", "username": null, "userIsPrivate": false, "name": "Mark Andrei", "pictureUrl": "https://image.vuukle.com/2ec3d141-0072-4c57-a65d-98fde21e9853", "replies": []}]}
{"id": 113091067, "state": 0, "authorType": 0, "parentId": null, "commentText": "<p>Somebody please use nine inch nails to fix on roque's head a plank of wood painted with the words ...</p><p>\"The N4z! criminals you liken these \"old communists\" were executed after the Nuremberg Trials which found them guilty of genocidal war crimes.</p><p><br></p><p>These communists were just killed by \"doogs dogs of impunity\".</p><p><br></p><p>(That is how \"hyperbole\" looks like, roque.)</p>", "createdTimestamp": 1622339509, "toxicity": 61, "spamValue": 25, "topComment": false, "edited": null, "reportSpamCount": 0, "likeCount": 6, "dislikeCount": 3, "replyCount": 1, "cookieId": null, "userId": "95ca9761-6e08-4fc6-b00d-250847ece356", "userPoints": 12522, "host": "newsinfo.inquirer.net", "uri": "/1438710/two-aging-red-leaders-slain", "articleId": "1438710", "title": "Two elderly communist leaders slain at home in the Visayas", "articleAvatar": "https://newsinfo.inquirer.net/files/2021/05/News153841-e1622304315797.jpg", "tag": "Reynadlo Bocala,Rustico Tan,slain NDFP consultants", "apiKey": "d45dc90a-b6cc-47b1-915e-9db149d05ace", "username": null, "userIsPrivate": false, "name": "z. a. paz", "pictureUrl": "https://image.vuukle.com/95ca9761-6e08-4fc6-b00d-250847ece356", "replies": []}
{"id": 113091056, "state": 0, "authorType": 0, "parentId": null, "commentText": "<p><strong>da name duterte</strong></p><p><strong>is now synonymous with</strong></p><p><strong><u>KILLINGS</u></strong></p><p><strong><u>MURDERS</u></strong></p><p><strong><u>NANLABAN ( Kuno !)</u></strong></p><p><strong><u>NANGTONGPATS</u></strong></p><p><strong><u>NANGOTONG</u></strong></p><p><strong><u>TRAYDOR</u></strong></p><p><strong><u>TIRADOR</u></strong></p><p><strong><u>MURA </u></strong></p><p><strong><u>MALASWA </u></strong></p><p><strong><u>.... and everything that is </u></strong></p><p><strong><u>similar to ABOMINATION. </u></strong></p><p><br></p><p><strong>O, HAYAN. SIKAT KA NA. </strong></p><p><strong>PIPOL AROUND THE WORLD </strong></p><p><strong>WILL REMEMBER YOU. </strong></p><p><strong>But not as a well-loved</strong></p><p><strong> good leader, but </strong></p><p><strong>as an INFAMOUS AS your  idol s</strong></p><p><strong>with sata nistic inclinations. </strong></p><p><br></p><p><strong>SANA BAGAN. </strong></p>", "createdTimestamp": 1622339408, "toxicity": 44, "spamValue": 48, "topComment": false, "edited": null, "reportSpamCount": 0, "likeCount": 7, "dislikeCount": 2, "replyCount": 0, "cookieId": null, "userId": "a5444526-7309-4265-931c-667b37c8ea8f", "userPoints": 760, "host": "newsinfo.inquirer.net", "uri": "/1438710/two-aging-red-leaders-slain", "articleId": "1438710", "title": "Two elderly communist leaders slain at home in the Visayas", "articleAvatar": "https://newsinfo.inquirer.net/files/2021/05/News153841-e1622304315797.jpg", "tag": "Reynadlo Bocala,Rustico Tan,slain NDFP consultants", "apiKey": "d45dc90a-b6cc-47b1-915e-9db149d05ace", "username": null, "userIsPrivate": false, "name": "Sampaguita", "pictureUrl": "https://image.vuukle.com/a5444526-7309-4265-931c-667b37c8ea8f", "replies": []}
{"id": 113090959, "state": 0, "authorType": 0, "parentId": null, "commentText": "<p>Bayad atraso na yan. Sino naman maniningil sa atraso ng pulis at militar?</p>", "createdTimestamp": 1622338922, "toxicity": 19, "spamValue": 45, "topComment": false, "edited": null, "reportSpamCount": 0, "likeCount": 3, "dislikeCount": 0, "replyCount": 0, "cookieId": null, "userId": "0fceefef-5238-4ed8-a1ee-788937de4b5c", "userPoints": 5900, "host": "newsinfo.inquirer.net", "uri": "/1438710/two-aging-red-leaders-slain", "articleId": "1438710", "title": "Two elderly communist leaders slain at home in the Visayas", "articleAvatar": "https://newsinfo.inquirer.net/files/2021/05/News153841-e1622304315797.jpg", "tag": "Reynadlo Bocala,Rustico Tan,slain NDFP consultants", "apiKey": "d45dc90a-b6cc-47b1-915e-9db149d05ace", "username": null, "userIsPrivate": false, "name": "Ga Go", "pictureUrl": "", "replies": []}
{"id": 113090938, "state": 0, "authorType": 0, "parentId": null, "commentText": "<p>Komunistang kabalat always but I still have to hear of a mainland foreign commie killed..I'm sure they're around..easy target?</p>", "createdTimestamp": 1622338793, "toxicity": 16, "spamValue": 13, "topComment": false, "edited": true, "reportSpamCount": 0, "likeCount": 3, "dislikeCount": 0, "replyCount": 0, "cookieId": null, "userId": "d6535809-ad7c-46fa-a8d2-32aaa2ab6244", "userPoints": 9218, "host": "newsinfo.inquirer.net", "uri": "/1438710/two-aging-red-leaders-slain", "articleId": "1438710", "title": "Two elderly communist leaders slain at home in the Visayas", "articleAvatar": "https://newsinfo.inquirer.net/files/2021/05/News153841-e1622304315797.jpg", "tag": "Reynadlo Bocala,Rustico Tan,slain NDFP consultants", "apiKey": "d45dc90a-b6cc-47b1-915e-9db149d05ace", "username": null, "userIsPrivate": false, "name": "penin theass", "pictureUrl": "", "replies": []}
{"id": 113090776, "state": 0, "authorType": 0, "parentId": null, "commentText": "<p><strong>SADLY IRONIC</strong></p><p><br></p><p>It's curiously bothersome that</p><p>While Digong AND his government</p><p>are pivoting to the communists in China, his leadership is atrociously killing the homegrown communists.</p>", "createdTimestamp": 1622337734, "toxicity": 53, "spamValue": 6, "topComment": false, "edited": true, "reportSpamCount": 0, "likeCount": 8, "dislikeCount": 0, "replyCount": 1, "cookieId": null, "userId": "3d6ba4f5-abf8-4c6c-959f-41dd0c6b48c4", "userPoints": 13630, "host": "newsinfo.inquirer.net", "uri": "/1438710/two-aging-red-leaders-slain", "articleId": "1438710", "title": "Two elderly communist leaders slain at home in the Visayas", "articleAvatar": "https://newsinfo.inquirer.net/files/2021/05/News153841-e1622304315797.jpg", "tag": "'Reynadlo Bocala','Rustico Tan','slain NDFP consultants'", "apiKey": "d45dc90a-b6cc-47b1-915e-9db149d05ace", "username": "RooksNest", "userIsPrivate": true, "name": "RooksNest", "pictureUrl": "https://image.vuukle.com/3d6ba4f5-abf8-4c6c-959f-41dd0c6b48c4", "replies": [{"id": 113090895, "state": 0, "authorType": 0, "parentId": 113090776, "commentText": "<p>the real communists are in the WPS and palace. </p>", "createdTimestamp": 1622338561, "toxicity": 30, "spamValue": 4, "topComment": false, "edited": null, "reportSpamCount": 0, "likeCount": 8, "dislikeCount": 0, "replyCount": 1, "cookieId": null, "userId": "db3120e1-72f2-4058-989f-0019db4b0e6d", "userPoints": 37297, "host": "newsinfo.inquirer.net", "uri": "/1438710/two-aging-red-leaders-slain", "articleId": "1438710", "title": "Two elderly communist leaders slain at home in the Visayas", "articleAvatar": "https://newsinfo.inquirer.net/files/2021/05/News153841-e1622304315797.jpg", "tag": "Reynadlo Bocala,Rustico Tan,slain NDFP consultants", "apiKey": "d45dc90a-b6cc-47b1-915e-9db149d05ace", "username": null, "userIsPrivate": false, "name": "magnus ", "pictureUrl": "", "replies": [{"id": 113091084, "state": 0, "authorType": 0, "parentId": 113090895, "commentText": "<p>The chinese communists' PLA anchored in the WPS are oxymoronic</p><p><strong>HIDDEN IN PLAIN VIEW</strong></p><p><br></p><p>Word is that the commie who shuttles between the palace and dabaw is always hiding inside his kulambo pampered by his nanny GOfer.</p><p><br></p>", "createdTimestamp": 1622339573, "toxicity": 34, "spamValue": 17, "topComment": false, "edited": true, "reportSpamCount": 0, "likeCount": 4, "dislikeCount": 0, "replyCount": 0, "cookieId": null, "userId": "3d6ba4f5-abf8-4c6c-959f-41dd0c6b48c4", "userPoints": 13630, "host": "newsinfo.inquirer.net", "uri": "/1438710/two-aging-red-leaders-slain", "articleId": "1438710", "title": "Two elderly communist leaders slain at home in the Visayas", "articleAvatar": "https://newsinfo.inquirer.net/files/2021/05/News153841-e1622304315797.jpg", "tag": "Reynadlo Bocala,Rustico Tan,slain NDFP consultants", "apiKey": "d45dc90a-b6cc-47b1-915e-9db149d05ace", "username": null, "userIsPrivate": false, "name": "RooksNest", "pictureUrl": "https://image.vuukle.com/3d6ba4f5-abf8-4c6c-959f-41dd0c6b48c4", "replies": []}]}]}
{"id": 113090699, "state": 0, "authorType": 0, "parentId": null, "commentText": "<p>It's peculiar that the worst of people regularly reference N4zis and the H0l0cau$t to make their point.</p><p>&gt;duterte wanted to kill 3 million drug dealers because Hitler killed \"3 million\" Jews.</p><p>&gt;Rep. greene of the US made a series of such references one of which is likening \"mask use\" to the Star of David used to segregate Jews from society.</p><p>&gt;Here's human rights expert roque equating \"old communists\" to N4zis prosecuted for war crimes and genocide.</p><p><br></p><p>roque is engaging in an actual hyperbole via simile to make a point - unlike duterte's \"jet ski\" promise which was a metaphor to his stand against china in the WPS. A little thought though on his words reveal he is an:</p><p><br></p><p>a&gt; utter pandering pig scrounging support for fascist forces of assassination from a fast dwindling diehar-dds base and,</p><p><br></p><p>b&gt; a snake skinned pig who sheds all pretense for justice by likening the CPP-NPA to N4zis who promoted racial superiority, and eradicating Jews whom Hitler blamed for Germany's economic problems - or \"doldrums\".</p><p><br></p><p>Hitler - 6 million Jews and millions more dead from the war itself.</p><p>duterte - 30,000+ dead in 5 years from his drug and anti-communist wars</p><p>Islamic separatists - various Marawi type atrocities, kidnappings, beheadings, bombings, ...</p><p><br></p><p>I am sure roque as a UP graduate&nbsp;knows that context, proportion, and magnitude makes his comparison of an old communist to Mengele and Goering nothing more than pure propaganda for diehar-dds consumption, and justification for duterte's red-tagging task force. That's acceptable since lawyers are not saints but make wonderful propagandists.</p><p><br></p><p>But I am equally sure that his desperation fueled zeal to plug the holes of duterte's dam holding back the flood of blood buoying up his administration from sinking into its incompetence, has made him forget the fate of one other N4zi criminal.</p><p><br></p><p>Goebbels (﻿chief propagandist for the N4zis) and his wife committed suicide, after poisoning their six children with cyanide ... a day after Hitler shot himself in the head.</p>", "createdTimestamp": 1622337079, "toxicity": 61, "spamValue": 36, "topComment": false, "edited": null, "reportSpamCount": 0, "likeCount": 10, "dislikeCount": 0, "replyCount": 2, "cookieId": null, "userId": "95ca9761-6e08-4fc6-b00d-250847ece356", "userPoints": 12522, "host": "newsinfo.inquirer.net", "uri": "/1438710/two-aging-red-leaders-slain", "articleId": "1438710", "title": "Two elderly communist leaders slain at home in the Visayas", "articleAvatar": "https://newsinfo.inquirer.net/files/2021/05/News153841-e1622304315797.jpg", "tag": "Reynadlo Bocala,Rustico Tan,slain NDFP consultants", "apiKey": "d45dc90a-b6cc-47b1-915e-9db149d05ace", "username": null, "userIsPrivate": false, "name": "z. a. paz", "pictureUrl": "https://image.vuukle.com/95ca9761-6e08-4fc6-b00d-250847ece356", "replies": [{"id": 113094472, "state": 0, "authorType": 0, "parentId": 113090699, "commentText": "<p>Gusto ko din sana ng mala Der Untergang na huling tagpo para sa tuta ng China. </p>", "createdTimestamp": 1622355255, "toxicity": 31, "spamValue": 41, "topComment": false, "edited": null, "reportSpamCount": 0, "likeCount": 0, "dislikeCount": 0, "replyCount": 0, "cookieId": null, "userId": "05fefdda-ef81-4f8e-a2ff-15398fb66afb", "userPoints": 45, "host": "newsinfo.inquirer.net", "uri": "/1438710/two-aging-red-leaders-slain", "articleId": "1438710", "title": "Two elderly communist leaders slain at home in the Visayas", "articleAvatar": "https://newsinfo.inquirer.net/files/2021/05/News153841-e1622304315797.jpg", "tag": "Reynadlo Bocala,Rustico Tan,slain NDFP consultants", "apiKey": "d45dc90a-b6cc-47b1-915e-9db149d05ace", "username": null, "userIsPrivate": false, "name": "Baranjaran", "pictureUrl": "", "replies": []}, {"id": 113090794, "state": 0, "authorType": 0, "parentId": 113090699, "commentText": "<p>Oh boy!  Somebody is really frustratingly mad!</p>", "createdTimestamp": 1622337831, "toxicity": 36, "spamValue": 3, "topComment": false, "edited": null, "reportSpamCount": 1, "likeCount": 2, "dislikeCount": 1, "replyCount": 1, "cookieId": null, "userId": "3d6ba4f5-abf8-4c6c-959f-41dd0c6b48c4", "userPoints": 13630, "host": "newsinfo.inquirer.net", "uri": "/1438710/two-aging-red-leaders-slain", "articleId": "1438710", "title": "Two elderly communist leaders slain at home in the Visayas", "articleAvatar": "https://newsinfo.inquirer.net/files/2021/05/News153841-e1622304315797.jpg", "tag": "'Reynadlo Bocala','Rustico Tan','slain NDFP consultants'", "apiKey": "d45dc90a-b6cc-47b1-915e-9db149d05ace", "username": null, "userIsPrivate": false, "name": "RooksNest", "pictureUrl": "https://image.vuukle.com/3d6ba4f5-abf8-4c6c-959f-41dd0c6b48c4", "replies": [{"id": 113090936, "state": 0, "authorType": 0, "parentId": 113090794, "commentText": "<p>Today is supposed to be respite from the \"madding crowd\" ... but what do we get but a talking pig who puts Squealer to shame for not sticking his tongue as far as it can go up Napoleon's \"buttas\".</p>", "createdTimestamp": 1622338789, "toxicity": 66, "spamValue": 12, "topComment": false, "edited": null, "reportSpamCount": 0, "likeCount": 4, "dislikeCount": 0, "replyCount": 1, "cookieId": null, "userId": "95ca9761-6e08-4fc6-b00d-250847ece356", "userPoints": 12522, "host": "newsinfo.inquirer.net", "uri": "/1438710/two-aging-red-leaders-slain", "articleId": "1438710", "title": "Two elderly communist leaders slain at home in the Visayas", "articleAvatar": "https://newsinfo.inquirer.net/files/2021/05/News153841-e1622304315797.jpg", "tag": "Reynadlo Bocala,Rustico Tan,slain NDFP consultants", "apiKey": "d45dc90a-b6cc-47b1-915e-9db149d05ace", "username": null, "userIsPrivate": false, "name": "z. a. paz", "pictureUrl": "https://image.vuukle.com/95ca9761-6e08-4fc6-b00d-250847ece356", "replies": [{"id": 113091007, "state": 0, "authorType": 0, "parentId": 113090936, "commentText": "<p>Between listening to your neighbor's korean telenovela on tv on one side and to the tiktokerersts on the other, I'd rather see more of you tapping the keyboard for some delightful prose. </p>", "createdTimestamp": 1622339131, "toxicity": 15, "spamValue": 11, "topComment": false, "edited": null, "reportSpamCount": 0, "likeCount": 1, "dislikeCount": 1, "replyCount": 1, "cookieId": null, "userId": "3d6ba4f5-abf8-4c6c-959f-41dd0c6b48c4", "userPoints": 13630, "host": "newsinfo.inquirer.net", "uri": "/1438710/two-aging-red-leaders-slain", "articleId": "1438710", "title": "Two elderly communist leaders slain at home in the Visayas", "articleAvatar": "https://newsinfo.inquirer.net/files/2021/05/News153841-e1622304315797.jpg", "tag": "Reynadlo Bocala,Rustico Tan,slain NDFP consultants", "apiKey": "d45dc90a-b6cc-47b1-915e-9db149d05ace", "username": null, "userIsPrivate": false, "name": "RooksNest", "pictureUrl": "https://image.vuukle.com/3d6ba4f5-abf8-4c6c-959f-41dd0c6b48c4", "replies": [{"id": 113091177, "state": 0, "authorType": 0, "parentId": 113091007, "commentText": "<p>I'm <em>\"happy\" </em>that you are delighted by my pre-slumber indignation? <span data-value=\"///this-is-an-emoji///\">﻿<span contenteditable=\"false\">😴</span>﻿</span></p>", "createdTimestamp": 1622340163, "toxicity": 27, "spamValue": 17, "topComment": false, "edited": null, "reportSpamCount": 0, "likeCount": 2, "dislikeCount": 0, "replyCount": 1, "cookieId": null, "userId": "95ca9761-6e08-4fc6-b00d-250847ece356", "userPoints": 12522, "host": "newsinfo.inquirer.net", "uri": "/1438710/two-aging-red-leaders-slain", "articleId": "1438710", "title": "Two elderly communist leaders slain at home in the Visayas", "articleAvatar": "https://newsinfo.inquirer.net/files/2021/05/News153841-e1622304315797.jpg", "tag": "Reynadlo Bocala,Rustico Tan,slain NDFP consultants", "apiKey": "d45dc90a-b6cc-47b1-915e-9db149d05ace", "username": null, "userIsPrivate": false, "name": "z. a. paz", "pictureUrl": "https://image.vuukle.com/95ca9761-6e08-4fc6-b00d-250847ece356", "replies": [{"id": 113091207, "state": 0, "authorType": 0, "parentId": 113091177, "commentText": "<p>Still early on the east coast...stop counting to 40 winks yet.</p>", "createdTimestamp": 1622340378, "toxicity": 10, "spamValue": 12, "topComment": false, "edited": null, "reportSpamCount": 0, "likeCount": 1, "dislikeCount": 1, "replyCount": 0, "cookieId": null, "userId": "3d6ba4f5-abf8-4c6c-959f-41dd0c6b48c4", "userPoints": 13630, "host": "newsinfo.inquirer.net", "uri": "/1438710/two-aging-red-leaders-slain", "articleId": "1438710", "title": "Two elderly communist leaders slain at home in the Visayas", "articleAvatar": "https://newsinfo.inquirer.net/files/2021/05/News153841-e1622304315797.jpg", "tag": "Reynadlo Bocala,Rustico Tan,slain NDFP consultants", "apiKey": "d45dc90a-b6cc-47b1-915e-9db149d05ace", "username": null, "userIsPrivate": false, "name": "RooksNest", "pictureUrl": "https://image.vuukle.com/3d6ba4f5-abf8-4c6c-959f-41dd0c6b48c4", "replies": []}]}]}]}]}]}
{"id": 113090683, "state": 3, "authorType": 0, "parentId": null, "commentText": "[Comment was reported by other users]", "createdTimestamp": 1622336971, "toxicity": 57, "spamValue": 6, "topComment": false, "edited": null, "reportSpamCount": 2, "likeCount": 2, "dislikeCount": 1, "replyCount": 1, "cookieId": null, "userId": "5981c975-e286-4ee5-8094-f97a481113c1", "userPoints": 23070, "host": "newsinfo.inquirer.net", "uri": "/1438710/two-aging-red-leaders-slain", "articleId": "1438710", "title": "Two elderly communist leaders slain at home in the Visayas", "articleAvatar": "https://newsinfo.inquirer.net/files/2021/05/News153841-e1622304315797.jpg", "tag": "Reynadlo Bocala,Rustico Tan,slain NDFP consultants", "apiKey": "d45dc90a-b6cc-47b1-915e-9db149d05ace", "username": null, "userIsPrivate": false, "name": "Pancho", "pictureUrl": "", "replies": [{"id": 113090740, "state": 0, "authorType": 0, "parentId": 113090683, "commentText": "<p>LOL. maybe crimes against the ch!nkz. PDP-Laban served only the ch!nkz.</p>", "createdTimestamp": 1622337468, "toxicity": 17, "spamValue": 12, "topComment": false, "edited": null, "reportSpamCount": 0, "likeCount": 3, "dislikeCount": 1, "replyCount": 0, "cookieId": null, "userId": "f45b62cf-e734-415d-9c12-e0075d6fcc56", "userPoints": 14437, "host": "newsinfo.inquirer.net", "uri": "/1438710/two-aging-red-leaders-slain", "articleId": "1438710", "title": "Two elderly communist leaders slain at home in the Visayas", "articleAvatar": "https://newsinfo.inquirer.net/files/2021/05/News153841-e1622304315797.jpg", "tag": "Reynadlo Bocala,Rustico Tan,slain NDFP consultants", "apiKey": "d45dc90a-b6cc-47b1-915e-9db149d05ace", "username": null, "userIsPrivate": false, "name": "bat man", "pictureUrl": "", "replies": []}]}
{"id": 113090658, "state": 0, "authorType": 0, "parentId": null, "commentText": "<p>Is duterte the wrong word?</p><p>Hitler?</p><p>Kill?</p><p>Genocide?</p><p>Jews?</p><p>Nazis?</p><p>Holocaust?</p><p><strong>N4zi$ and the H0l0caust!</strong></p><p>Those two words together are bad but separately are not!!! The list made by whoever or their algorithm is patently diehar-dds in nature.</p>", "createdTimestamp": 1622336802, "toxicity": 45, "spamValue": 47, "topComment": false, "edited": true, "reportSpamCount": 0, "likeCount": 3, "dislikeCount": 0, "replyCount": 1, "cookieId": null, "userId": "95ca9761-6e08-4fc6-b00d-250847ece356", "userPoints": 12522, "host": "newsinfo.inquirer.net", "uri": "/1438710/two-aging-red-leaders-slain", "articleId": "1438710", "title": "Two elderly communist leaders slain at home in the Visayas", "articleAvatar": "https://newsinfo.inquirer.net/files/2021/05/News153841-e1622304315797.jpg", "tag": "Reynadlo Bocala,Rustico Tan,slain NDFP consultants", "apiKey": "d45dc90a-b6cc-47b1-915e-9db149d05ace", "username": null, "userIsPrivate": false, "name": "z. a. paz", "pictureUrl": "https://image.vuukle.com/95ca9761-6e08-4fc6-b00d-250847ece356", "replies": [{"id": 113090846, "state": 0, "authorType": 0, "parentId": 113090658, "commentText": "<p>... and the algorithm Vuukle uses with their <em>suggested user</em> leans far towards people who will give you mental indigestion.</p>", "createdTimestamp": 1622338253, "toxicity": 53, "spamValue": 5, "topComment": false, "edited": null, "reportSpamCount": 0, "likeCount": 3, "dislikeCount": 0, "replyCount": 0, "cookieId": null, "userId": "95ca9761-6e08-4fc6-b00d-250847ece356", "userPoints": 12522, "host": "newsinfo.inquirer.net", "uri": "/1438710/two-aging-red-leaders-slain", "articleId": "1438710", "title": "Two elderly communist leaders slain at home in the Visayas", "articleAvatar": "https://newsinfo.inquirer.net/files/2021/05/News153841-e1622304315797.jpg", "tag": "Reynadlo Bocala,Rustico Tan,slain NDFP consultants", "apiKey": "d45dc90a-b6cc-47b1-915e-9db149d05ace", "username": null, "userIsPrivate": false, "name": "z. a. paz", "pictureUrl": "https://image.vuukle.com/95ca9761-6e08-4fc6-b00d-250847ece356", "replies": []}]}
{"id": 113090530, "state": 0, "authorType": 0, "parentId": null, "commentText": "<p><br></p><p>section III of anti-terr0rism act of 2020 defines a terr0rist as:</p><p>(second line) engages in acts intended to cause death or serious bodily injury to any person or endangers a person's life</p><p><br></p><p>so terr0rists killed those elderly/aging red leaders, now we get it. DDS riding-in-tandems are also terr0rists.</p><p><br></p><p>harap-harapan na tay0ng ginaga0g0 since july 1 2016</p>", "createdTimestamp": 1622335810, "toxicity": 48, "spamValue": 66, "topComment": false, "edited": null, "reportSpamCount": 0, "likeCount": 5, "dislikeCount": 0, "replyCount": 0, "cookieId": null, "userId": "41257ffb-227b-11e6-a00b-002590f371ee", "userPoints": 2942, "host": "newsinfo.inquirer.net", "uri": "/1438710/two-aging-red-leaders-slain", "articleId": "1438710", "title": "Two elderly communist leaders slain at home in the Visayas", "articleAvatar": "https://newsinfo.inquirer.net/files/2021/05/News153841-e1622304315797.jpg", "tag": "Reynadlo Bocala,Rustico Tan,slain NDFP consultants", "apiKey": "d45dc90a-b6cc-47b1-915e-9db149d05ace", "username": null, "userIsPrivate": true, "name": "arki.mike.up", "pictureUrl": "https://image.vuukle.com/41257ffb-227b-11e6-a00b-002590f371ee", "replies": []}
{"id": 113090412, "state": 0, "authorType": 0, "parentId": null, "commentText": "<p>pag wala na si traitortae sa malacanang, NPA should start targeting PDP-Laban. NPA and PNP bloodfeud must end by 2022.</p><p><br></p><p>as long as PDP-Laban exist, NPA will not be safe.</p>", "createdTimestamp": 1622334889, "toxicity": 53, "spamValue": 40, "topComment": false, "edited": null, "reportSpamCount": 0, "likeCount": 2, "dislikeCount": 0, "replyCount": 2, "cookieId": null, "userId": "f45b62cf-e734-415d-9c12-e0075d6fcc56", "userPoints": 14437, "host": "newsinfo.inquirer.net", "uri": "/1438710/two-aging-red-leaders-slain", "articleId": "1438710", "title": "Two elderly communist leaders slain at home in the Visayas", "articleAvatar": "https://newsinfo.inquirer.net/files/2021/05/News153841-e1622304315797.jpg", "tag": "Reynadlo Bocala,Rustico Tan,slain NDFP consultants", "apiKey": "d45dc90a-b6cc-47b1-915e-9db149d05ace", "username": null, "userIsPrivate": false, "name": "bat man", "pictureUrl": "", "replies": [{"id": 113101554, "state": 0, "authorType": 0, "parentId": 113090412, "commentText": "<p>Npa and pnp bloodfeud must end by 2022? </p><p><br></p><p>What planet are you in, man??!</p>", "createdTimestamp": 1622382580, "toxicity": 46, "spamValue": 12, "topComment": false, "edited": null, "reportSpamCount": 0, "likeCount": 0, "dislikeCount": 0, "replyCount": 0, "cookieId": null, "userId": "892f0c5e-1906-4b64-b2c6-737b584c45e1", "userPoints": 12403, "host": "newsinfo.inquirer.net", "uri": "/1438710/two-aging-red-leaders-slain", "articleId": "1438710", "title": "Two elderly communist leaders slain at home in the Visayas", "articleAvatar": "https://newsinfo.inquirer.net/files/2021/05/News153841-e1622304315797.jpg", "tag": "Reynadlo Bocala,Rustico Tan,slain NDFP consultants", "apiKey": "d45dc90a-b6cc-47b1-915e-9db149d05ace", "username": null, "userIsPrivate": false, "name": "Topee", "pictureUrl": "", "replies": []}, {"id": 113090701, "state": 3, "authorType": 0, "parentId": 113090412, "commentText": "[Comment was reported by other users]", "createdTimestamp": 1622337112, "toxicity": 19, "spamValue": 21, "topComment": false, "edited": null, "reportSpamCount": 2, "likeCount": 0, "dislikeCount": 2, "replyCount": 2, "cookieId": null, "userId": "5981c975-e286-4ee5-8094-f97a481113c1", "userPoints": 23070, "host": "newsinfo.inquirer.net", "uri": "/1438710/two-aging-red-leaders-slain", "articleId": "1438710", "title": "Two elderly communist leaders slain at home in the Visayas", "articleAvatar": "https://newsinfo.inquirer.net/files/2021/05/News153841-e1622304315797.jpg", "tag": "Reynadlo Bocala,Rustico Tan,slain NDFP consultants", "apiKey": "d45dc90a-b6cc-47b1-915e-9db149d05ace", "username": null, "userIsPrivate": false, "name": "Pancho", "pictureUrl": "", "replies": [{"id": 113090915, "state": 0, "authorType": 0, "parentId": 113090701, "commentText": "<p>tell that to the pulis-patolas, remember Tarlac.</p>", "createdTimestamp": 1622338629, "toxicity": 7, "spamValue": 44, "topComment": false, "edited": null, "reportSpamCount": 0, "likeCount": 1, "dislikeCount": 0, "replyCount": 0, "cookieId": null, "userId": "db3120e1-72f2-4058-989f-0019db4b0e6d", "userPoints": 37297, "host": "newsinfo.inquirer.net", "uri": "/1438710/two-aging-red-leaders-slain", "articleId": "1438710", "title": "Two elderly communist leaders slain at home in the Visayas", "articleAvatar": "https://newsinfo.inquirer.net/files/2021/05/News153841-e1622304315797.jpg", "tag": "Reynadlo Bocala,Rustico Tan,slain NDFP consultants", "apiKey": "d45dc90a-b6cc-47b1-915e-9db149d05ace", "username": null, "userIsPrivate": false, "name": "magnus ", "pictureUrl": "", "replies": []}, {"id": 113090783, "state": 0, "authorType": 0, "parentId": 113090701, "commentText": "<p>Always remember PDP-Laban always served the ch!nkz. they are collaborator of china invasion of PH.</p><p><br></p><p>mamamatay tao? LOL. tell that to PNP on daily news on tv.</p>", "createdTimestamp": 1622337770, "toxicity": 18, "spamValue": 22, "topComment": false, "edited": null, "reportSpamCount": 0, "likeCount": 2, "dislikeCount": 0, "replyCount": 0, "cookieId": null, "userId": "f45b62cf-e734-415d-9c12-e0075d6fcc56", "userPoints": 14437, "host": "newsinfo.inquirer.net", "uri": "/1438710/two-aging-red-leaders-slain", "articleId": "1438710", "title": "Two elderly communist leaders slain at home in the Visayas", "articleAvatar": "https://newsinfo.inquirer.net/files/2021/05/News153841-e1622304315797.jpg", "tag": "Reynadlo Bocala,Rustico Tan,slain NDFP consultants", "apiKey": "d45dc90a-b6cc-47b1-915e-9db149d05ace", "username": null, "userIsPrivate": false, "name": "bat man", "pictureUrl": "", "replies": []}]}]}
{"id": 113090337, "state": 0, "authorType": 0, "parentId": null, "commentText": "<p>If you can escape covid, bullets will hound you. More deaths to this kind of people!</p>", "createdTimestamp": 1622334202, "toxicity": 56, "spamValue": 10, "topComment": false, "edited": null, "reportSpamCount": 1, "likeCount": 2, "dislikeCount": 1, "replyCount": 0, "cookieId": null, "userId": "d09b0757-03df-4b73-a541-8301b2ca8d00", "userPoints": 4156, "host": "newsinfo.inquirer.net", "uri": "/1438710/two-aging-red-leaders-slain", "articleId": "1438710", "title": "Two elderly communist leaders slain at home in the Visayas", "articleAvatar": "https://newsinfo.inquirer.net/files/2021/05/News153841-e1622304315797.jpg", "tag": "Reynadlo Bocala,Rustico Tan,slain NDFP consultants", "apiKey": "d45dc90a-b6cc-47b1-915e-9db149d05ace", "username": null, "userIsPrivate": false, "name": "macs ", "pictureUrl": "", "replies": []}
{"id": 113090144, "state": 0, "authorType": 0, "parentId": null, "commentText": "<p>So this is what you call justice here in the Philippines. Wonder what you call injustice.</p>", "createdTimestamp": 1622332420, "toxicity": 16, "spamValue": 6, "topComment": false, "edited": null, "reportSpamCount": 0, "likeCount": 4, "dislikeCount": 0, "replyCount": 1, "cookieId": null, "userId": "8c84afc3-1c80-4629-b1e1-e6fbf2a3f318", "userPoints": 346, "host": "newsinfo.inquirer.net", "uri": "/1438710/two-aging-red-leaders-slain", "articleId": "1438710", "title": "Two elderly communist leaders slain at home in the Visayas", "articleAvatar": "https://image.vuukle.com/image-newsinfo.inquirer.net-1438710", "tag": "Reynadlo Bocala,Rustico Tan,slain NDFP consultants", "apiKey": "d45dc90a-b6cc-47b1-915e-9db149d05ace", "username": null, "userIsPrivate": false, "name": "Réjean", "pictureUrl": "", "replies": [{"id": 113090779, "state": 0, "authorType": 0, "parentId": 113090144, "commentText": "<p>Drug war ... tokhang ... ntf-elcac ... \"my police\" ... xxCQ ... matrix ... dds ... quo warranto ... franchise renewal ... concocted vindictive drug charges ... \"whiff of corruption\" ... duterte ... duterte \"again\" ... pick your poison.</p>", "createdTimestamp": 1622337754, "toxicity": 41, "spamValue": 67, "topComment": false, "edited": null, "reportSpamCount": 1, "likeCount": 2, "dislikeCount": 0, "replyCount": 0, "cookieId": null, "userId": "95ca9761-6e08-4fc6-b00d-250847ece356", "userPoints": 12522, "host": "newsinfo.inquirer.net", "uri": "/1438710/two-aging-red-leaders-slain", "articleId": "1438710", "title": "Two elderly communist leaders slain at home in the Visayas", "articleAvatar": "https://newsinfo.inquirer.net/files/2021/05/News153841-e1622304315797.jpg", "tag": "Reynadlo Bocala,Rustico Tan,slain NDFP consultants", "apiKey": "d45dc90a-b6cc-47b1-915e-9db149d05ace", "username": null, "userIsPrivate": false, "name": "z. a. paz", "pictureUrl": "https://image.vuukle.com/95ca9761-6e08-4fc6-b00d-250847ece356", "replies": []}]}
